"Symbol","Series","Date","Prev Close","Open Price","High Price","Low Price","Last Price","Close Price","Average Price","Total Traded Quantity","Turnover","No. of Trades"
"SUNPHARMA","EQ","25-Apr-2019","        469.35","        465.25","        474.60","        459.50","        463.25","        461.00","        465.36","    5244937","          2440765419.65","      64135"
"SUNPHARMA","EQ","26-Apr-2019","        461.00","        464.00","        469.40","        462.60","        463.50","        464.10","        465.22","    2903286","          1350675704.10","      44737"
"SUNPHARMA","EQ","30-Apr-2019","        464.10","        464.00","        464.00","        446.00","        455.60","        457.65","        454.40","    6586352","          2992829978.05","      83515"
"SUNPHARMA","EQ","02-May-2019","        457.65","        456.95","        461.70","        450.50","        452.50","        452.20","        456.18","    3732218","          1702555564.20","      76903"
"SUNPHARMA","EQ","03-May-2019","        452.20","        455.00","        456.20","        448.85","        452.45","        453.25","        452.25","    2585548","          1169317216.90","      54237"
"SUNPHARMA","EQ","06-May-2019","        453.25","        448.00","        455.90","        446.45","        452.55","        453.15","        452.73","    3104707","          1405587292.05","      54759"
"SUNPHARMA","EQ","07-May-2019","        453.15","        456.00","        456.00","        446.45","        447.25","        448.20","        451.60","    4189396","          1891915823.70","      60790"
"SUNPHARMA","EQ","08-May-2019","        448.20","        447.75","        449.85","        433.45","        436.00","        439.15","        440.90","    4885249","          2153903821.25","      74176"
"SUNPHARMA","EQ","09-May-2019","        439.15","        436.00","        442.70","        431.55","        439.25","        439.35","        437.60","    3550114","          1553525484.50","      57904"
"SUNPHARMA","EQ","10-May-2019","        439.35","        437.00","        442.65","        434.45","        437.65","        437.75","        438.38","    3482485","          1526655373.55","      62727"
"SUNPHARMA","EQ","13-May-2019","        437.75","        437.75","        437.75","        344.55","        414.00","        398.10","        401.07","   24079258","          9657555365.45","     260840"
"SUNPHARMA","EQ","14-May-2019","        398.10","        406.05","        424.50","        403.25","        420.50","        419.45","        413.29","   18797497","          7768770750.85","     222948"
"SUNPHARMA","EQ","15-May-2019","        419.45","        420.00","        424.50","        407.10","        411.00","        409.75","        415.66","    7581005","          3151082906.15","     101795"
"SUNPHARMA","EQ","16-May-2019","        409.75","        411.50","        419.60","        379.05","        412.15","        412.40","        399.89","   25156049","         10059672073.35","     279863"
"SUNPHARMA","EQ","17-May-2019","        412.40","        409.05","        416.00","        401.70","        409.60","        409.10","        407.30","    7747301","          3155512081.25","     131130"
"SUNPHARMA","EQ","20-May-2019","        409.10","        420.00","        429.00","        410.20","        414.20","        413.50","        414.93","    3809738","          1580786620.70","      53992"
"SUNPHARMA","EQ","21-May-2019","        413.50","        414.20","        423.75","        405.65","        408.60","        408.85","        414.89","    6228488","          2584147178.95","     100521"
"SUNPHARMA","EQ","22-May-2019","        408.85","        409.00","        423.55","        408.00","        423.00","        421.20","        419.02","    7277731","          3049539861.80","     124840"
"SUNPHARMA","EQ","23-May-2019","        421.20","        425.00","        427.00","        410.20","        413.45","        412.95","        419.00","    5906044","          2474659236.15","      97297"
"SUNPHARMA","EQ","24-May-2019","        412.95","        416.70","        418.00","        411.65","        416.40","        415.75","        415.02","    3010407","          1249377997.80","      56560"
"SUNPHARMA","EQ","27-May-2019","        415.75","        416.95","        421.50","        411.55","        414.50","        414.85","        415.95","    3886561","          1616614717.90","      52845"
"SUNPHARMA","EQ","28-May-2019","        414.85","        417.00","        420.50","        410.20","        414.50","        412.75","        414.91","    7987111","          3313934120.85","     110149"
"SUNPHARMA","EQ","29-May-2019","        412.75","        418.05","        427.80","        403.55","        422.05","        423.80","        417.51","   28086149","         11726190001.45","     287806"
"SUNPHARMA","EQ","30-May-2019","        423.80","        421.25","        422.70","        411.20","        412.90","        412.75","        415.40","    9082367","          3772814178.55","     101191"
"SUNPHARMA","EQ","31-May-2019","        412.75","        414.80","        417.10","        406.05","        410.65","        409.85","        411.34","    5643400","          2321383893.00","      75853"
"SUNPHARMA","EQ","03-Jun-2019","        409.85","        411.00","        418.60","        407.50","        417.00","        416.80","        414.73","    4611475","          1912528553.85","      56279"
"SUNPHARMA","EQ","04-Jun-2019","        416.80","        414.80","        417.90","        409.10","        411.25","        411.15","        413.26","    3279047","          1355109727.45","      66951"
"SUNPHARMA","EQ","06-Jun-2019","        411.15","        411.25","        413.50","        402.60","        404.00","        404.15","        407.13","    3483633","          1418295297.85","      50842"
"SUNPHARMA","EQ","07-Jun-2019","        404.15","        405.00","        406.90","        395.10","        399.00","        399.25","        399.95","    4668474","          1867168031.50","      63580"
"SUNPHARMA","EQ","10-Jun-2019","        399.25","        402.00","        405.80","        394.05","        403.55","        402.05","        400.47","    4966075","          1988774431.80","      86051"
"SUNPHARMA","EQ","11-Jun-2019","        402.05","        396.00","        397.80","        384.00","        391.50","        389.95","        388.83","   13833555","          5378967851.10","     211702"
"SUNPHARMA","EQ","12-Jun-2019","        389.95","        391.00","        397.00","        385.25","        391.50","        391.40","        391.74","    7739283","          3031784679.05","      89095"
"SUNPHARMA","EQ","13-Jun-2019","        391.40","        391.00","        393.75","        385.40","        389.80","        389.75","        388.85","    4090663","          1590671215.40","      68453"
"SUNPHARMA","EQ","14-Jun-2019","        389.75","        390.00","        394.85","        376.55","        391.70","        392.55","        386.90","    9786375","          3786392032.45","     100560"
"SUNPHARMA","EQ","17-Jun-2019","        392.55","        391.70","        394.50","        379.85","        381.40","        382.90","        386.91","    6558933","          2537710887.10","      82184"
"SUNPHARMA","EQ","18-Jun-2019","        382.90","        381.40","        385.60","        374.30","        377.05","        378.45","        380.83","    3761637","          1432535570.40","      75409"
"SUNPHARMA","EQ","19-Jun-2019","        378.45","        380.00","        382.10","        368.15","        375.40","        375.20","        374.86","    7197444","          2698056827.25","      94873"
"SUNPHARMA","EQ","20-Jun-2019","        375.20","        368.00","        392.20","        368.00","        389.00","        390.50","        383.66","    8109029","          3111122641.80","     108867"
"SUNPHARMA","EQ","21-Jun-2019","        390.50","        388.90","        391.70","        381.05","        384.00","        382.80","        384.06","    5389874","          2070054515.85","      80571"
"SUNPHARMA","EQ","24-Jun-2019","        382.80","        381.80","        385.40","        377.50","        383.20","        383.45","        381.49","    3702836","          1412577372.50","      85717"
"SUNPHARMA","EQ","25-Jun-2019","        383.45","        382.50","        387.50","        377.55","        384.40","        385.75","        382.34","    4480306","          1712982568.70","      70562"
"SUNPHARMA","EQ","26-Jun-2019","        385.75","        385.00","        403.55","        384.65","        398.70","        399.45","        397.52","    9571797","          3804954321.05","     115235"
"SUNPHARMA","EQ","27-Jun-2019","        399.45","        399.05","        405.40","        394.75","        402.90","        402.80","        401.35","    7651785","          3071082103.25","     100219"
"SUNPHARMA","EQ","28-Jun-2019","        402.80","        404.90","        409.80","        398.15","        401.35","        400.95","        404.22","    7283442","          2944139196.75","      87373"
"SUNPHARMA","EQ","01-Jul-2019","        400.95","        402.00","        406.50","        401.50","        405.40","        405.35","        404.33","    2254468","           911553703.60","      36905"
"SUNPHARMA","EQ","02-Jul-2019","        405.35","        404.85","        407.00","        391.15","        394.70","        395.55","        395.77","    5539613","          2192436815.65","      77413"
"SUNPHARMA","EQ","03-Jul-2019","        395.55","        397.40","        399.15","        393.10","        395.50","        395.70","        395.74","    2683086","          1061798270.95","      50056"
"SUNPHARMA","EQ","04-Jul-2019","        395.70","        396.70","        398.05","        391.20","        391.50","        392.10","        393.17","    3308295","          1300713459.45","      51761"
"SUNPHARMA","EQ","05-Jul-2019","        392.10","        393.50","        394.40","        373.40","        375.25","        375.25","        383.11","    5446432","          2086556488.10","      95652"
"SUNPHARMA","EQ","08-Jul-2019","        375.25","        375.00","        380.90","        365.40","        368.00","        366.80","        370.54","    7355520","          2725488778.50","      93616"
"SUNPHARMA","EQ","09-Jul-2019","        366.80","        367.00","        395.00","        367.00","        387.00","        386.40","        385.21","   15428006","          5943056868.50","     173961"
"SUNPHARMA","EQ","10-Jul-2019","        386.40","        386.00","        397.35","        380.60","        390.45","        392.20","        389.98","   10202064","          3978605224.45","     128191"
"SUNPHARMA","EQ","11-Jul-2019","        392.20","        394.90","        400.35","        390.30","        398.40","        398.15","        395.37","    7759443","          3067850283.45","      92372"
"SUNPHARMA","EQ","12-Jul-2019","        398.15","        400.50","        411.50","        397.35","        407.55","        407.70","        404.98","   13549864","          5487383629.45","     171556"
"SUNPHARMA","EQ","15-Jul-2019","        407.70","        416.25","        427.70","        413.65","        420.40","        422.95","        421.48","   18269604","          7700236193.30","     211270"
"SUNPHARMA","EQ","16-Jul-2019","        422.95","        420.80","        435.00","        418.65","        434.05","        433.30","        427.76","    8630766","          3691901522.00","     112273"
"SUNPHARMA","EQ","17-Jul-2019","        433.30","        433.00","        436.30","        428.10","        429.65","        430.05","        432.41","    6500759","          2810978546.35","      88298"
"SUNPHARMA","EQ","18-Jul-2019","        430.05","        430.05","        432.90","        424.65","        425.45","        426.20","        428.05","    4711395","          2016716798.70","     100610"
"SUNPHARMA","EQ","19-Jul-2019","        426.20","        427.00","        429.40","        416.05","        421.15","        421.35","        421.72","    5104476","          2152645630.15","      75455"
"SUNPHARMA","EQ","22-Jul-2019","        421.35","        419.10","        443.30","        419.00","        430.00","        430.25","        433.32","   10420113","          4515273590.60","     141910"
"SUNPHARMA","EQ","23-Jul-2019","        430.25","        431.00","        435.50","        427.10","        428.65","        430.25","        431.10","    6698368","          2887667934.00","      91803"
"SUNPHARMA","EQ","24-Jul-2019","        430.25","        430.00","        432.45","        421.70","        425.45","        425.55","        425.76","    5319256","          2264721160.30","      66147"
"SUNPHARMA","EQ","25-Jul-2019","        425.55","        425.80","        439.70","        425.55","        437.25","        437.15","        434.29","   11412685","          4956371225.75","     132935"
"SUNPHARMA","EQ","26-Jul-2019","        437.15","        437.00","        442.20","        433.10","        440.30","        439.95","        438.54","    5094438","          2234108413.70","      66486"
"SUNPHARMA","EQ","29-Jul-2019","        439.95","        440.00","        441.70","        429.20","        431.00","        431.05","        432.05","    4448863","          1922120623.25","      56012"
"SUNPHARMA","EQ","30-Jul-2019","        431.05","        430.00","        441.30","        405.00","        410.35","        410.35","        424.73","    9461831","          4018742056.30","     122333"
"SUNPHARMA","EQ","31-Jul-2019","        410.35","        410.00","        428.80","        409.00","        426.05","        426.75","        421.90","    7746831","          3268396837.75","     118535"
"SUNPHARMA","EQ","01-Aug-2019","        426.75","        424.80","        427.75","        418.00","        424.95","        425.10","        422.29","    3635110","          1535068103.20","      85351"
"SUNPHARMA","EQ","02-Aug-2019","        425.10","        422.90","        426.50","        417.35","        420.00","        420.65","        421.96","    3490912","          1473027768.60","      64622"
"SUNPHARMA","EQ","05-Aug-2019","        420.65","        417.65","        423.75","        411.05","        416.75","        417.15","        417.68","    4784904","          1998544356.35","      82085"
"SUNPHARMA","EQ","06-Aug-2019","        417.15","        416.00","        422.45","        414.50","        417.80","        418.20","        418.42","    3204070","          1340638399.20","      83821"
"SUNPHARMA","EQ","07-Aug-2019","        418.20","        421.00","        429.00","        418.10","        419.75","        421.05","        423.68","    5431353","          2301164508.50","      88870"
"SUNPHARMA","EQ","08-Aug-2019","        421.05","        424.00","        428.20","        418.15","        427.05","        426.45","        422.86","    3157083","          1335015312.55","      55223"
"SUNPHARMA","EQ","09-Aug-2019","        426.45","        428.00","        430.35","        418.45","        422.50","        422.00","        424.17","    3434604","          1456845592.05","      52089"
"SUNPHARMA","EQ","13-Aug-2019","        422.00","        421.50","        444.50","        420.75","        438.35","        439.25","        434.82","   13211835","          5744724362.25","     186160"
"SUNPHARMA","EQ","14-Aug-2019","        439.25","        440.00","        441.00","        408.05","        416.50","        417.15","        418.02","   16173302","          6760844325.45","     207289"
"SUNPHARMA","EQ","16-Aug-2019","        417.15","        419.40","        421.40","        410.00","        413.40","        414.70","        414.43","    6536156","          2708786522.15","     111799"
"SUNPHARMA","EQ","19-Aug-2019","        414.70","        424.75","        434.20","        421.00","        426.00","        426.00","        427.06","   11584821","          4947424996.85","     159019"
"SUNPHARMA","EQ","20-Aug-2019","        426.00","        426.00","        426.50","        417.30","        420.80","        420.90","        421.60","    5151625","          2171945238.00","      72097"
"SUNPHARMA","EQ","21-Aug-2019","        420.90","        421.00","        425.85","        413.60","        415.65","        417.00","        418.96","    5120294","          2145184872.00","      74961"
"SUNPHARMA","EQ","22-Aug-2019","        417.00","        416.70","        420.75","        408.50","        413.00","        414.55","        415.12","    5299316","          2199829453.65","      94123"
"SUNPHARMA","EQ","23-Aug-2019","        414.55","        415.00","        429.95","        408.90","        427.90","        427.80","        420.84","    5479802","          2306093152.55","      85076"
"SUNPHARMA","EQ","26-Aug-2019","        427.80","        428.00","        429.80","        415.10","        418.95","        419.35","        419.97","    6258106","          2628224042.05","      74984"
"SUNPHARMA","EQ","27-Aug-2019","        419.35","        424.05","        425.45","        415.10","        416.75","        416.75","        418.60","    6738413","          2820719749.65","     105883"
"SUNPHARMA","EQ","28-Aug-2019","        416.75","        416.90","        421.70","        411.50","        412.70","        413.10","        416.35","    3441725","          1432978407.60","      52277"
"SUNPHARMA","EQ","29-Aug-2019","        413.10","        428.00","        438.60","        421.10","        434.00","        434.65","        430.25","   19967263","          8590893304.60","     222713"
"SUNPHARMA","EQ","30-Aug-2019","        434.65","        432.95","        453.40","        429.75","        452.15","        450.40","        443.01","   12308149","          5452630294.25","     172404"
"SUNPHARMA","EQ","03-Sep-2019","        450.40","        450.00","        456.00","        434.30","        438.50","        439.35","        447.79","    9396440","          4207661955.90","     131154"
"SUNPHARMA","EQ","04-Sep-2019","        439.35","        424.55","        429.45","        401.30","        426.00","        426.45","        416.45","   33952423","         14139402138.55","     355813"
"SUNPHARMA","EQ","05-Sep-2019","        426.45","        428.00","        433.95","        423.35","        432.70","        431.80","        429.45","    8793166","          3776266451.80","     128452"
"SUNPHARMA","EQ","06-Sep-2019","        431.80","        416.70","        427.20","        414.45","        425.00","        425.10","        420.75","   12513040","          5264867282.75","     142052"
"SUNPHARMA","EQ","09-Sep-2019","        425.10","        426.00","        432.50","        426.00","        428.20","        428.80","        429.52","    5488753","          2357555861.50","      69471"
"SUNPHARMA","EQ","11-Sep-2019","        428.80","        432.00","        435.00","        421.25","        422.60","        422.20","        426.41","    7742635","          3301510735.60","      94865"
"SUNPHARMA","EQ","12-Sep-2019","        422.20","        424.75","        439.80","        419.45","        427.70","        427.80","        430.50","    9896642","          4260507643.00","     108689"
"SUNPHARMA","EQ","13-Sep-2019","        427.80","        430.45","        432.85","        421.10","        421.80","        422.85","        424.97","    6847742","          2910060585.25","      66390"
"SUNPHARMA","EQ","16-Sep-2019","        422.85","        421.00","        429.50","        419.95","        426.00","        426.80","        425.88","    5239616","          2231460430.40","      84062"
"SUNPHARMA","EQ","17-Sep-2019","        426.80","        426.70","        427.55","        419.15","        420.80","        420.65","        422.81","    3367950","          1424012609.00","      58872"
"SUNPHARMA","EQ","18-Sep-2019","        420.65","        423.90","        424.60","        414.25","        417.30","        416.80","        418.55","    3728621","          1560619058.70","      70685"
"SUNPHARMA","EQ","19-Sep-2019","        416.80","        416.80","        418.90","        408.20","        410.70","        411.15","        411.92","    4238714","          1746003914.10","      73253"
"SUNPHARMA","EQ","20-Sep-2019","        411.15","        413.90","        420.80","        408.00","        414.20","        413.70","        415.09","   11785529","          4892058627.30","     144373"
"SUNPHARMA","EQ","23-Sep-2019","        413.70","        418.00","        424.30","        405.40","        407.00","        409.45","        412.87","    7342291","          3031394597.25","     106069"
"SUNPHARMA","EQ","24-Sep-2019","        409.45","        408.00","        419.70","        406.35","        409.75","        409.65","        413.88","    5860106","          2425388536.35","      88914"
"SUNPHARMA","EQ","25-Sep-2019","        409.65","        409.60","        412.70","        401.75","        406.75","        406.75","        406.69","    5031063","          2046059736.50","      70703"
"SUNPHARMA","EQ","26-Sep-2019","        406.75","        406.75","        413.00","        405.30","        412.90","        411.95","        410.08","    5309789","          2177425515.25","      87956"
"SUNPHARMA","EQ","27-Sep-2019","        411.95","        412.00","        412.50","        400.25","        402.10","        401.70","        405.11","    3835936","          1553976654.00","      58856"
"SUNPHARMA","EQ","30-Sep-2019","        401.70","        402.90","        403.00","        386.55","        390.50","        389.45","        391.35","    6674624","          2612081328.70","      99735"
"SUNPHARMA","EQ","01-Oct-2019","        389.45","        388.50","        396.40","        380.10","        388.00","        386.55","        389.01","    4308157","          1675901683.15","      98376"
"SUNPHARMA","EQ","03-Oct-2019","        386.55","        382.00","        391.45","        377.65","        387.10","        388.15","        385.43","    5216456","          2010596353.95","     106807"
"SUNPHARMA","EQ","04-Oct-2019","        388.15","        389.00","        394.00","        384.20","        385.45","        386.05","        388.48","    4024033","          1563260438.20","      88238"
"SUNPHARMA","EQ","07-Oct-2019","        386.05","        386.05","        387.65","        372.60","        380.25","        379.90","        378.94","    5151963","          1952293963.95","      87751"
"SUNPHARMA","EQ","09-Oct-2019","        379.90","        378.00","        387.75","        374.20","        384.10","        383.95","        381.12","    4991946","          1902520946.55","      87267"
"SUNPHARMA","EQ","10-Oct-2019","        383.95","        385.00","        389.80","        378.70","        386.05","        387.05","        385.55","    4581317","          1766331386.60","      64463"
"SUNPHARMA","EQ","11-Oct-2019","        387.05","        387.40","        389.35","        381.50","        387.30","        386.30","        384.62","    4273739","          1643773131.80","      56854"
"SUNPHARMA","EQ","14-Oct-2019","        386.30","        387.00","        399.00","        387.00","        395.50","        394.65","        394.99","    4372357","          1727051381.90","      73295"
"SUNPHARMA","EQ","15-Oct-2019","        394.65","        397.20","        400.00","        392.25","        396.20","        396.80","        396.46","    2892153","          1146620527.35","      45973"
"SUNPHARMA","EQ","16-Oct-2019","        396.80","        398.05","        402.20","        394.25","        398.60","        399.70","        399.19","    5503380","          2196919345.70","      71067"
"SUNPHARMA","EQ","17-Oct-2019","        399.70","        401.60","        402.55","        396.80","        400.00","        401.50","        399.68","    2934902","          1173028039.95","      54036"
"SUNPHARMA","EQ","18-Oct-2019","        401.50","        401.00","        406.50","        397.50","        400.95","        401.65","        402.57","    4647037","          1870745184.15","      55301"
"SUNPHARMA","EQ","22-Oct-2019","        401.65","        402.00","        408.00","        400.95","        405.60","        405.45","        405.26","    2944611","          1193339241.15","      84680"
"SUNPHARMA","EQ","23-Oct-2019","        405.45","        405.60","        411.35","        403.00","        405.50","        405.20","        406.39","    3374975","          1371567590.05","      60552"
"SUNPHARMA","EQ","24-Oct-2019","        405.20","        405.00","        407.75","        398.70","        406.40","        405.95","        404.16","    3017220","          1219431441.20","      74302"
"SUNPHARMA","EQ","25-Oct-2019","        405.95","        405.00","        419.50","        401.05","        416.35","        417.50","        412.93","    4845146","          2000725812.35","      77514"
"SUNPHARMA","EQ","27-Oct-2019","        417.50","        416.05","        419.80","        416.05","        417.00","        417.75","        417.96","     359082","           150083514.25","       7411"
"SUNPHARMA","EQ","29-Oct-2019","        417.75","        417.70","        425.50","        414.00","        421.80","        421.95","        421.72","    3863059","          1629114216.75","      71180"
"SUNPHARMA","EQ","30-Oct-2019","        421.95","        426.95","        432.55","        418.10","        429.60","        429.65","        424.82","    3511610","          1491817332.50","      58004"
"SUNPHARMA","EQ","31-Oct-2019","        429.65","        429.60","        440.55","        428.80","        434.70","        433.40","        435.27","    6710116","          2920695308.90","      97323"
"SUNPHARMA","EQ","01-Nov-2019","        433.40","        434.65","        440.90","        433.10","        438.90","        437.55","        437.32","    3545584","          1550565646.10","      58866"
"SUNPHARMA","EQ","04-Nov-2019","        437.55","        439.95","        442.40","        433.65","        438.60","        437.95","        439.19","    4646694","          2040792827.85","      58805"
"SUNPHARMA","EQ","05-Nov-2019","        437.95","        435.50","        439.80","        424.05","        429.20","        429.90","        431.06","    6719996","          2896725321.90","      65433"
"SUNPHARMA","EQ","06-Nov-2019","        429.90","        432.40","        452.90","        422.10","        427.50","        427.90","        438.13","   15917528","          6973871229.45","     184052"
"SUNPHARMA","EQ","07-Nov-2019","        427.90","        431.70","        444.00","        423.40","        442.50","        440.60","        435.78","   14294406","          6229160048.30","     152916"
"SUNPHARMA","EQ","08-Nov-2019","        440.60","        442.00","        442.50","        420.85","        421.65","        422.10","        428.17","   11902470","          5096228243.75","     138582"
"SUNPHARMA","EQ","11-Nov-2019","        422.10","        415.00","        423.30","        407.10","        420.60","        421.45","        416.73","   10249882","          4271426689.45","     127922"
"SUNPHARMA","EQ","13-Nov-2019","        421.45","        420.00","        426.90","        410.00","        412.55","        412.00","        417.92","    6033467","          2521492554.45","      71449"
"SUNPHARMA","EQ","14-Nov-2019","        412.00","        413.20","        417.35","        407.55","        410.50","        410.20","        412.73","    4750176","          1960517454.70","     127361"
"SUNPHARMA","EQ","15-Nov-2019","        410.20","        412.75","        418.90","        410.15","        416.00","        415.05","        415.04","    5416931","          2248254892.15","      67389"
"SUNPHARMA","EQ","18-Nov-2019","        415.05","        418.00","        430.00","        417.05","        424.75","        424.55","        425.04","    7710740","          3277341928.85","     109161"
"SUNPHARMA","EQ","19-Nov-2019","        424.55","        425.00","        429.90","        421.60","        425.20","        425.90","        425.91","    4163853","          1773414710.95","      65315"
"SUNPHARMA","EQ","20-Nov-2019","        425.90","        427.20","        460.60","        423.85","        448.50","        450.00","        447.15","   23107507","         10332456975.50","     233907"
"SUNPHARMA","EQ","21-Nov-2019","        450.00","        450.00","        454.45","        443.60","        447.05","        447.15","        449.10","    7480460","          3359481950.35","      85370"
"SUNPHARMA","EQ","22-Nov-2019","        447.15","        450.00","        461.90","        445.10","        450.80","        452.10","        453.50","   12114721","          5494020257.60","     126896"
"SUNPHARMA","EQ","25-Nov-2019","        452.10","        453.00","        463.90","        450.00","        458.45","        458.95","        459.63","    8251208","          3792463214.20","     112128"
"SUNPHARMA","EQ","26-Nov-2019","        458.95","        463.80","        467.40","        446.50","        452.00","        450.75","        455.67","   11278843","          5139484795.80","     119712"
"SUNPHARMA","EQ","27-Nov-2019","        450.75","        449.95","        461.00","        447.55","        459.25","        458.75","        455.44","    6481012","          2951681974.65","      63515"
"SUNPHARMA","EQ","28-Nov-2019","        458.75","        456.20","        462.40","        455.15","        459.50","        457.35","        459.08","    4005893","          1839036430.80","      52474"
"SUNPHARMA","EQ","29-Nov-2019","        457.35","        458.40","        460.55","        447.45","        449.00","        449.85","        452.73","    3198828","          1448208886.65","      52523"
"SUNPHARMA","EQ","02-Dec-2019","        449.85","        449.00","        449.60","        437.00","        440.00","        440.00","        440.96","    4933088","          2175285421.05","      60337"
"SUNPHARMA","EQ","03-Dec-2019","        440.00","        441.40","        442.20","        430.50","        433.60","        433.60","        436.70","    3602073","          1573019999.90","      52508"
"SUNPHARMA","EQ","04-Dec-2019","        433.60","        433.50","        444.70","        431.70","        443.05","        443.70","        439.74","    4318531","          1899035709.20","      72952"
"SUNPHARMA","EQ","05-Dec-2019","        443.70","        440.00","        441.95","        433.25","        436.50","        436.70","        436.45","    4096921","          1788097478.70","      99191"
"SUNPHARMA","EQ","06-Dec-2019","        436.70","        440.30","        444.20","        427.00","        428.40","        428.60","        435.28","    5805588","          2527056403.00","      58353"
"SUNPHARMA","EQ","09-Dec-2019","        428.60","        431.85","        434.60","        423.60","        427.00","        427.00","        430.19","    4959765","          2133630616.65","      63358"
"SUNPHARMA","EQ","10-Dec-2019","        427.00","        429.60","        435.75","        425.30","        427.60","        427.65","        430.52","    5578960","          2401847380.75","      74212"
"SUNPHARMA","EQ","11-Dec-2019","        427.65","        429.10","        431.90","        425.15","        429.90","        429.80","        428.75","    3322986","          1424745015.90","      64060"
"SUNPHARMA","EQ","12-Dec-2019","        429.80","        430.90","        437.90","        430.25","        433.05","        434.15","        434.37","    2794856","          1214014561.15","      51164"
"SUNPHARMA","EQ","13-Dec-2019","        434.15","        437.60","        441.90","        425.60","        437.75","        439.25","        434.62","    5386394","          2341056611.60","      63305"
"SUNPHARMA","EQ","16-Dec-2019","        439.25","        431.25","        437.20","        426.40","        435.00","        435.15","        433.05","    8290756","          3590298604.95","      95443"
"SUNPHARMA","EQ","17-Dec-2019","        435.15","        434.00","        437.50","        426.25","        429.70","        429.05","        430.58","    6407264","          2758846948.95","      75881"
"SUNPHARMA","EQ","18-Dec-2019","        429.05","        430.00","        441.40","        427.30","        439.80","        439.75","        435.75","    5341984","          2327793869.20","      61223"
"SUNPHARMA","EQ","19-Dec-2019","        439.75","        439.80","        440.60","        427.50","        433.35","        433.60","        433.15","    6465219","          2800437386.65","      68937"
"SUNPHARMA","EQ","20-Dec-2019","        433.60","        429.15","        436.70","        428.05","        430.30","        430.30","        431.82","    7157364","          3090683599.30","      73641"
"SUNPHARMA","EQ","23-Dec-2019","        430.30","        427.10","        432.00","        426.60","        427.50","        428.40","        429.24","    4534617","          1946433571.15","      48100"
"SUNPHARMA","EQ","24-Dec-2019","        428.40","        428.00","        432.45","        425.40","        429.15","        429.80","        429.44","    4210004","          1807951345.05","      42944"
"SUNPHARMA","EQ","26-Dec-2019","        429.80","        430.90","        431.40","        420.65","        421.90","        422.15","        426.69","    5296867","          2260117553.55","      51320"
"SUNPHARMA","EQ","27-Dec-2019","        422.15","        422.00","        427.15","        421.40","        426.00","        426.00","        424.73","    3413181","          1449674345.55","      38150"
"SUNPHARMA","EQ","30-Dec-2019","        426.00","        428.95","        433.50","        426.70","        429.50","        430.15","        430.53","    4758825","          2048796570.55","      46376"
"SUNPHARMA","EQ","31-Dec-2019","        430.15","        430.10","        435.40","        428.70","        432.30","        432.55","        432.59","    2957369","          1279319641.05","      30191"
"SUNPHARMA","EQ","01-Jan-2020","        432.55","        432.95","        436.45","        431.25","        433.70","        434.30","        434.19","    2321850","          1008133830.15","      26860"
"SUNPHARMA","EQ","02-Jan-2020","        434.30","        434.00","        442.60","        432.00","        434.65","        434.95","        436.67","    4555670","          1989331434.45","      55381"
"SUNPHARMA","EQ","03-Jan-2020","        434.95","        434.65","        450.40","        433.05","        443.15","        444.60","        444.26","    9457180","          4201473863.60","     140147"
"SUNPHARMA","EQ","06-Jan-2020","        444.60","        440.90","        444.70","        435.10","        439.00","        439.95","        439.90","    4794923","          2109276730.30","      54273"
"SUNPHARMA","EQ","07-Jan-2020","        439.95","        441.40","        448.00","        437.55","        447.05","        446.40","        443.49","    4504083","          1997499900.55","      63835"
"SUNPHARMA","EQ","08-Jan-2020","        446.40","        442.95","        446.50","        439.00","        439.10","        440.10","        441.78","    3881918","          1714947318.10","      61787"
"SUNPHARMA","EQ","09-Jan-2020","        440.10","        442.70","        444.85","        439.00","        439.95","        439.85","        441.60","    3934566","          1737506321.00","      52598"
"SUNPHARMA","EQ","10-Jan-2020","        439.85","        440.10","        449.00","        440.00","        444.75","        443.60","        445.53","    4334013","          1930932329.85","      50131"
"SUNPHARMA","EQ","13-Jan-2020","        443.60","        447.00","        453.65","        442.55","        444.80","        444.60","        447.40","    4823348","          2157943768.30","     105783"
"SUNPHARMA","EQ","14-Jan-2020","        444.60","        447.00","        449.50","        444.40","        446.60","        446.00","        446.99","    2708589","          1210709086.55","      38098"
"SUNPHARMA","EQ","15-Jan-2020","        446.00","        447.60","        450.70","        443.65","        448.50","        449.05","        447.29","    3054107","          1366076894.60","      47457"
"SUNPHARMA","EQ","16-Jan-2020","        449.05","        452.25","        456.35","        447.40","        448.20","        449.05","        451.34","    4416809","          1993469804.95","      62319"
"SUNPHARMA","EQ","17-Jan-2020","        449.05","        448.20","        456.25","        446.00","        454.75","        454.60","        451.53","    3216737","          1452466883.80","      49212"
"SUNPHARMA","EQ","20-Jan-2020","        454.60","        454.20","        456.20","        446.15","        449.30","        449.45","        450.14","    2824739","          1271534484.00","      37371"
"SUNPHARMA","EQ","21-Jan-2020","        449.45","        448.00","        451.75","        446.00","        448.00","        447.40","        448.84","    2573651","          1155168440.30","      64119"
"SUNPHARMA","EQ","22-Jan-2020","        447.40","        448.40","        453.85","        445.35","        447.00","        446.30","        449.22","    3412716","          1533074064.60","      52067"
"SUNPHARMA","EQ","23-Jan-2020","        446.30","        447.20","        452.20","        445.00","        450.00","        449.85","        449.65","    1875787","           843451684.35","      33288"
"SUNPHARMA","EQ","24-Jan-2020","        449.85","        450.00","        452.85","        446.80","        447.40","        447.80","        450.39","    2153164","           969753957.20","      51893"
"SUNPHARMA","EQ","27-Jan-2020","        447.80","        447.00","        451.75","        442.20","        448.75","        448.40","        447.56","    3530914","          1580291567.35","      68219"
"SUNPHARMA","EQ","28-Jan-2020","        448.40","        448.25","        462.50","        448.05","        452.90","        452.90","        457.01","    9487290","          4335776556.75","     123740"
"SUNPHARMA","EQ","29-Jan-2020","        452.90","        454.85","        456.75","        449.45","        450.45","        450.10","        452.84","    3103817","          1405526081.80","      52139"
"SUNPHARMA","EQ","30-Jan-2020","        450.10","        451.50","        453.75","        440.30","        441.95","        442.10","        443.15","    3486193","          1544919555.40","      53746"
"SUNPHARMA","EQ","31-Jan-2020","        442.10","        442.60","        445.40","        432.65","        435.50","        434.30","        437.61","    3757229","          1644208885.65","      61041"
"SUNPHARMA","EQ","01-Feb-2020","        434.30","        432.95","        437.40","        419.40","        422.80","        422.80","        429.26","    2217675","           951962060.70","      48894"
"SUNPHARMA","EQ","03-Feb-2020","        422.80","        423.80","        428.90","        414.00","        417.30","        417.55","        419.66","    4032780","          1692403581.50","      59911"
"SUNPHARMA","EQ","04-Feb-2020","        417.55","        416.95","        426.90","        412.85","        423.95","        425.65","        421.27","    4848610","          2042590027.55","      73352"
"SUNPHARMA","EQ","05-Feb-2020","        425.65","        429.50","        431.40","        421.90","        427.50","        426.25","        426.39","    3826307","          1631505571.55","      46001"
"SUNPHARMA","EQ","06-Feb-2020","        426.25","        428.20","        438.00","        424.00","        428.80","        430.65","        429.78","    7745520","          3328885303.10","      90969"
"SUNPHARMA","EQ","07-Feb-2020","        430.65","        432.00","        441.75","        423.20","        430.35","        430.80","        434.30","    7402556","          3214934498.40","      82235"
"SUNPHARMA","EQ","10-Feb-2020","        430.80","        428.55","        432.75","        418.30","        419.95","        420.30","        422.73","    3638523","          1538112618.95","      47171"
"SUNPHARMA","EQ","11-Feb-2020","        420.30","        422.00","        424.70","        416.80","        419.00","        418.55","        420.29","    4683072","          1968231430.35","      52542"
"SUNPHARMA","EQ","12-Feb-2020","        418.55","        418.80","        421.30","        414.00","        414.60","        414.60","        416.65","    4439987","          1849916057.00","      47834"
"SUNPHARMA","EQ","13-Feb-2020","        414.60","        414.60","        420.10","        412.00","        418.65","        418.95","        417.18","    3924569","          1637270091.60","      62025"
"SUNPHARMA","EQ","14-Feb-2020","        418.95","        420.00","        424.75","        416.50","        417.60","        418.55","        420.90","    2862205","          1204708467.60","      41695"
"SUNPHARMA","EQ","17-Feb-2020","        418.55","        416.20","        418.50","        407.30","        407.65","        408.40","        412.46","    2625157","          1082770599.50","      41610"
"SUNPHARMA","EQ","18-Feb-2020","        408.40","        407.00","        410.85","        399.05","        406.10","        408.65","        404.78","    4187206","          1694903794.80","      58541"
"SUNPHARMA","EQ","19-Feb-2020","        408.65","        410.40","        414.20","        400.60","        403.25","        403.55","        405.44","    5910512","          2396335656.05","      65492"
"SUNPHARMA","EQ","20-Feb-2020","        403.55","        403.85","        411.50","        403.55","        404.80","        404.95","        407.27","    4000525","          1629280061.15","      64180"
"SUNPHARMA","EQ","24-Feb-2020","        404.95","        406.50","        414.65","        395.80","        397.30","        397.85","        404.97","   12668574","          5130390125.25","     129845"
"SUNPHARMA","EQ","25-Feb-2020","        397.85","        402.40","        402.40","        385.30","        387.50","        388.90","        390.88","   10050971","          3928699969.20","     120820"
"SUNPHARMA","EQ","26-Feb-2020","        388.90","        385.10","        386.95","        372.50","        374.00","        374.70","        378.15","   12146582","          4593268601.90","     120753"
"SUNPHARMA","EQ","27-Feb-2020","        374.70","        375.00","        390.70","        369.45","        388.00","        388.50","        380.83","   15164166","          5774939180.45","     164638"
"SUNPHARMA","EQ","28-Feb-2020","        388.50","        379.65","        385.60","        371.10","        373.20","        372.90","        379.91","    8439591","          3206318902.60","      86209"
"SUNPHARMA","EQ","02-Mar-2020","        372.90","        378.00","        383.65","        363.35","        372.05","        369.50","        376.87","    6915567","          2606303340.80","      72067"
"SUNPHARMA","EQ","03-Mar-2020","        369.50","        374.00","        396.40","        373.25","        396.00","        393.55","        386.86","   14474553","          5599644850.65","     167409"
"SUNPHARMA","EQ","04-Mar-2020","        393.55","        398.00","        412.90","        387.35","        404.50","        405.45","        403.52","   26369149","         10640594992.05","     271057"
"SUNPHARMA","EQ","05-Mar-2020","        405.45","        409.95","        414.80","        401.75","        404.50","        404.90","        408.26","    9874059","          4031203675.50","     106590"
"SUNPHARMA","EQ","06-Mar-2020","        404.90","        390.05","        403.20","        390.05","        400.10","        400.90","        398.45","    6500912","          2590277927.25","      81949"
"SUNPHARMA","EQ","09-Mar-2020","        400.90","        396.05","        403.90","        385.55","        393.00","        393.35","        394.67","   13152861","          5191013676.80","     101814"
"SUNPHARMA","EQ","11-Mar-2020","        393.35","        394.40","        395.25","        380.05","        386.85","        385.95","        386.99","    9127364","          3532178058.15","     107037"
"SUNPHARMA","EQ","12-Mar-2020","        385.95","        365.50","        372.70","        346.40","        357.45","        354.80","        357.70","   11663067","          4171832530.20","     126274"
"SUNPHARMA","EQ","13-Mar-2020","        354.80","        341.00","        402.95","        325.00","        386.00","        384.20","        383.27","   15802656","          6056719413.00","     212119"
"SUNPHARMA","EQ","16-Mar-2020","        384.20","        376.00","        396.40","        362.80","        370.00","        368.55","        377.06","   14480706","          5460138953.40","     168078"
"SUNPHARMA","EQ","17-Mar-2020","        368.55","        376.00","        395.60","        364.20","        371.00","        370.15","        383.84","   12903647","          4952926425.90","     193522"
"SUNPHARMA","EQ","18-Mar-2020","        370.15","        383.40","        386.40","        355.10","        366.75","        362.75","        369.47","   12342705","          4560217675.35","     201026"
"SUNPHARMA","EQ","19-Mar-2020","        362.75","        351.70","        374.45","        347.65","        361.30","        360.40","        362.17","    8728105","          3161099064.30","     168016"
"SUNPHARMA","EQ","20-Mar-2020","        360.40","        365.20","        379.50","        362.20","        363.05","        365.25","        370.57","   10631944","          3939883268.30","     159028"
"SUNPHARMA","EQ","23-Mar-2020","        365.25","        345.00","        354.70","        315.05","        332.00","        324.50","        333.76","    8018903","          2676357691.35","     110889"
"SUNPHARMA","EQ","24-Mar-2020","        324.50","        330.00","        348.00","        330.00","        334.00","        335.15","        340.24","    6408587","          2180469462.65","     110071"
"SUNPHARMA","EQ","25-Mar-2020","        335.15","        332.00","        350.80","        329.55","        343.95","        347.65","        339.90","    6174391","          2098694157.50","     105868"
"SUNPHARMA","EQ","26-Mar-2020","        347.65","        365.00","        368.00","        336.10","        338.80","        338.30","        348.14","   11670467","          4062946057.80","     168355"
"SUNPHARMA","EQ","27-Mar-2020","        338.30","        347.00","        352.50","        333.00","        338.30","        338.25","        341.42","    7745785","          2644590217.25","     111490"
"SUNPHARMA","EQ","30-Mar-2020","        338.25","        321.65","        344.00","        312.00","        332.55","        332.70","        334.25","   11648309","          3893470175.15","     143583"
"SUNPHARMA","EQ","31-Mar-2020","        332.70","        340.10","        355.00","        328.25","        353.25","        352.30","        343.95","    9954246","          3423744741.40","     131072"
"SUNPHARMA","EQ","01-Apr-2020","        352.30","        353.00","        355.25","        338.40","        344.35","        343.55","        344.57","    6702259","          2309378542.30","      94680"
"SUNPHARMA","EQ","03-Apr-2020","        343.55","        343.95","        389.80","        340.00","        376.45","        375.95","        369.67","   28550650","         10554231364.55","     338973"
"SUNPHARMA","EQ","07-Apr-2020","        375.95","        398.00","        422.85","        388.30","        415.55","        417.35","        407.17","   29675452","         12082876093.15","     343700"
"SUNPHARMA","EQ","08-Apr-2020","        417.35","        419.00","        448.75","        413.15","        437.50","        436.70","        436.03","   27810987","         12126523142.55","     433126"
"SUNPHARMA","EQ","09-Apr-2020","        436.70","        454.40","        473.90","        443.40","        452.45","        454.45","        460.90","   31863686","         14686105866.80","     408412"
"SUNPHARMA","EQ","13-Apr-2020","        454.45","        462.95","        477.90","        443.10","        463.00","        462.35","        464.72","   30510404","         14178666669.75","     361403"
"SUNPHARMA","EQ","15-Apr-2020","        462.35","        474.90","        488.50","        444.10","        450.00","        449.20","        469.39","   32508977","         15259261040.10","     427523"
"SUNPHARMA","EQ","16-Apr-2020","        449.20","        450.00","        467.60","        449.20","        466.00","        463.70","        459.59","   16933112","          7782361760.85","     236715"
"SUNPHARMA","EQ","17-Apr-2020","        463.70","        476.95","        476.95","        448.45","        457.30","        457.10","        459.57","   19774595","          9087893401.75","     231383"
"SUNPHARMA","EQ","20-Apr-2020","        457.10","        457.35","        475.00","        450.55","        474.85","        473.40","        466.27","   17894276","          8343567565.00","     198808"
"SUNPHARMA","EQ","21-Apr-2020","        473.40","        467.85","        490.70","        464.25","        470.35","        473.15","        479.92","   30022318","         14408188549.05","     354530"
"SUNPHARMA","EQ","22-Apr-2020","        473.15","        474.95","        482.40","        469.00","        475.50","        474.35","        476.47","   13336594","          6354473105.90","     195298"
"SUNPHARMA","EQ","23-Apr-2020","        474.35","        476.95","        487.85","        474.35","        478.50","        477.45","        481.09","   13748836","          6614369526.00","     179350"
